Day,Demand
0,19131.02967
1,19034.87581
2,18012.15887
3,18072.2063
4,19663.17829
5,19425.80258
6,18880.60447